"Year","Month","Adult Book of Tickets Ridership","Adult Cash-Single Ticket Ride Ridership","Adult Day Pass Ridership","Adult Low Income Monthly Pass Ridership","Adult Monthly Pass Ridership","Adult Ridership","Airport BRT Ridership - Total Trips","Boarding Passengers","Bus Boarding Passengers","CTrain Boarding Passengers","Free Fare Zone Ridership","Low Income Monthly Pass Ridership","Ridership","Seniors Low Income Pass Ridership","Seniors Pass Ridership","Seniors Regular Pass Ridership","U-Pass Ridership","Youth Book of Tickets Ridership","Youth Cash-Single Ticket Ride Ridership","Youth Day Pass Ridership","Youth Low Income Monthly Pass Ridership","Youth Monthly Pass Ridership","Youth Ridership","Weekend Group Pass Ridership","Date"
"2024","Oct","269,807","1,131,285","48,363","2,103,188","1,855,656","5,408,299","0","16,288,750","7,328,348","8,960,400","863,503","2,459,596","10,032,900","281,078","703,659","422,581","1,196,900","67,779","127,340","4,765","356,408","936,762","1,493,054","13,341","2024/10"
"2024","Sep","195,031","1,062,488","56,045","1,944,800","1,747,068","5,005,432","0","15,245,320","6,730,224","8,515,100","811,412","2,278,368","9,364,500","274,112","689,940","415,828","1,148,800","83,617","119,742","5,740","333,568","926,990","1,469,657","19,019","2024/09"
"2024","Aug","202,148","1,163,989","75,672","1,994,713","1,741,998","5,178,520","0","12,534,820","5,447,923","7,086,900","796,814","2,224,108","7,740,400","267,118","675,039","407,921","306,300","93,876","136,233","11,541","229,395","116,125","587,170","27,604","2024/08"
"2024","Jul","181,824","1,309,327","106,374","1,739,606","1,605,389","4,942,520","0","12,716,930","5,605,428","7,111,500","812,206","1,955,542","7,806,200","265,376","662,040","396,664","371,600","94,260","134,004","80,126","215,936","189,901","714,227","54,941","2024/07"
"2024","Jun","209,610","954,954","52,879","1,841,346","1,722,144","4,780,933","0","12,981,250","5,860,649","7,120,600","794,526","2,130,163","7,901,100","267,009","667,386","400,377","386,700","94,554","118,417","6,722","288,817","522,514","1,031,024","20,166","2024/06"
"2024","May","243,558","1,101,847","51,288","1,926,834","1,929,751","5,253,278","0","14,251,160","6,386,757","7,864,400","817,209","2,248,905","8,677,500","254,944","566,511","311,567","416,900","66,723","130,287","4,983","322,071","816,115","1,340,179","13,612","2024/05"
"2024","Apr","235,034","931,441","41,291","1,519,405","1,595,577","4,322,748","0","13,068,970","6,087,165","6,981,800","752,042","1,797,686","7,859,800","244,066","537,628","293,562","818,600","68,674","113,877","4,564","278,281","710,425","1,175,821","13,691","2024/04"
"2024","Mar","308,034","977,034","44,857","1,686,046","1,819,374","4,835,345","0","14,536,500","5,743,995","8,792,500","895,862","2,003,896","8,863,600","239,440","527,848","288,408","1,010,700","93,069","118,790","4,722","317,850","825,316","1,359,747","14,414","2024/03"
"2024","Feb","350,715","950,964","39,851","1,603,355","1,801,866","4,746,751","0","14,165,860","5,677,355","8,488,500","839,543","1,894,603","8,783,400","234,345","519,120","284,775","940,800","135,072","120,919","4,097","291,248","879,456","1,430,792","12,911","2024/02"
"2024","Jan","168,423","848,408","32,752","1,512,309","1,727,820","4,289,712","0","12,697,180","5,242,176","7,455,000","841,806","1,790,061","7,896,700","283,122","513,632","230,510","993,800","54,665","103,152","5,128","277,752","632,431","1,073,128","6,644","2024/01"
"2023","Dec","162,136","683,333","27,595","1,447,412","1,532,560","3,853,036","0","12,477,050","5,163,454","7,313,600","801,016","1,728,412","7,503,700","252,480","533,739","281,259","708,400","210,669","66,894","3,329","281,000","726,068","1,287,960","13,637","2023/12"
"2023","Nov","258,261","885,165","33,071","1,473,911","1,673,662","4,324,070","0","13,829,890","6,067,988","7,761,900","797,456","1,761,261","8,367,100","268,821","599,304","330,483","1,054,900","62,823","104,189","3,761","287,350","863,708","1,321,831","13,272","2023/11"
"2023","Oct","261,861","936,216","42,668","1,467,143","1,641,417","4,349,305","0","14,062,450","6,097,949","7,964,500","816,093","1,757,149","8,573,700","266,136","594,515","328,379","1,110,900","77,455","107,852","4,053","290,006","935,653","1,415,019","17,225","2023/10"
"2023","Sep","298,214","976,732","56,515","1,479,084","1,638,580","4,449,125","0","14,223,060","5,865,663","8,357,400","823,172","1,768,507","8,756,200","261,378","586,744","325,366","1,125,000","97,045","122,848","5,480","289,423","951,728","1,466,524","28,543","2023/09"
"2023","Aug","268,624","1,066,635","69,775","1,527,796","1,646,986","4,579,816","0","11,204,640","4,530,041","6,674,600","797,417","1,712,713","6,952,400","254,118","572,583","318,465","275,300","106,449","128,358","10,240","184,917","107,283","537,247","35,959","2023/08"
"2023","Jul","250,583","1,219,979","105,804","1,341,988","1,471,516","4,389,870","0","11,266,130","4,298,334","6,967,800","809,472","1,526,589","7,007,800","253,490","564,454","310,964","313,900","109,299","133,765","87,482","184,601","203,453","718,600","32,303","2023/07"
"2023","Jun","259,702","957,033","67,060","1,399,830","1,649,198","4,332,823","10,671","11,636,420","4,967,616","6,668,800","796,629","1,657,622","7,237,900","254,693","568,189","313,496","338,800","122,213","127,717","6,515","257,792","602,190","1,116,427","10,896","2023/06"
"2023","May","257,399","977,954","63,346","1,353,666","1,707,689","4,360,054","14,345","11,902,370","5,286,868","6,615,500","771,622","1,617,491","7,501,500","251,644","559,178","307,534","360,700","125,084","124,625","5,164","263,825","838,066","1,356,764","13,886","2023/05"
"2023","Apr","308,840","691,118","40,989","996,522","1,287,355","3,324,824","7,211","10,940,000","4,565,296","6,374,700","685,236","1,206,937","7,005,300","625,836","1,171,396","545,560","646,204","172,590","97,538","4,649","210,415","670,434","1,155,626","5,788","2023/04"
"2023","Mar","320,706","725,572","39,537","948,640","1,356,141","3,390,596","6,238","11,607,520","4,682,722","6,924,800","693,040","1,160,432","7,472,700","612,333","1,145,980","533,647","944,902","200,465","96,730","4,222","211,792","769,810","1,283,019","96","2023/03"
"2023","Feb","333,138","567,816","30,618","861,921","1,190,619","2,984,112","5,534","10,294,540","3,842,342","6,452,200","644,673","1,063,050","6,631,200","556,905","1,040,878","483,973","754,123","217,539","79,267","3,124","201,129","692,698","1,193,757",,"2023/02"
"2023","Jan","417,887","629,864","31,530","815,282","1,227,555","3,122,118","5,332","10,938,140","3,693,539","7,244,600","663,876","1,008,825","6,956,200","567,615","1,056,839","489,224","893,859","365,031","92,935","4,596","193,543","549,706","1,205,811",,"2023/01"
"2022","Dec","112,141","602,353","33,793","947,048","1,337,726","3,033,061","5,596","10,015,710","3,344,013","6,671,700","802,851","1,285,405","6,225,400","295,572","624,740","329,168","507,634","14,852","76,841","4,305","338,357","808,339","1,242,694",,"2022/12"
"2022","Nov","134,053","639,848","33,180","906,622","1,529,573","3,243,276","5,530","10,672,810","3,985,607","6,687,200","738,365","1,237,571","6,291,900","39,164","72,511","33,347","775,698","33,488","83,565","3,789","330,949","991,314","1,443,105",,"2022/11"
"2022","Oct","224,823","646,690","42,773","816,607","1,476,680","3,207,573","7,786","11,071,260","4,370,962","6,700,300","696,768","1,116,477","6,291,400","55,967","106,920","50,953","832,027","98,330","97,369","5,190","299,870","928,512","1,429,271",,"2022/10"
"2022","Sep","218,284","479,324","38,971","670,725","1,804,730","3,212,034","9,099","10,973,910","4,305,806","6,668,100","580,535","925,795","6,015,000","64,972","133,569","68,597","883,438","93,240","77,861","3,865","255,070","756,547","1,186,583",,"2022/09"
"2022","Aug","214,354","524,948","27,533","667,795","1,619,095","3,053,725","9,482","8,426,519","3,384,819","5,041,700","582,009","836,701","4,513,200","85,422","184,248","98,826","180,863","87,256","98,818","-416","168,906","134,834","489,398",,"2022/08"
"2022","Jul","227,379","891,479","85,012","728,481","1,041,554","2,973,905","10,129","8,955,509","3,196,009","5,759,500","679,116","929,269","4,756,900","115,362","255,770","140,408","199,378","108,403","149,365","20,996","200,788","147,943","627,495",,"2022/07"
"2022","Jun","217,105","564,555","36,467","648,537","1,020,678","2,487,342","7,439","8,374,714","3,465,914","4,908,800","573,449","868,779","4,482,600","127,161","294,905","167,744","217,909","115,062","90,319","4,366","220,242","462,026","892,015",,"2022/06"
"2022","May","193,433","546,578","30,308","577,332","1,000,883","2,348,534","4,998","8,377,415","3,468,215","4,909,200","533,487","779,590","4,448,400","143,132","338,103","194,971","218,407","110,363","81,721","3,570","202,258","596,246","994,158",,"2022/05"
"2022","Apr","175,871","411,682","19,688","485,635","815,680","1,908,556","1,757","7,579,610","3,090,010","4,489,600","506,534","670,087","4,004,300","145,026","338,518","193,492","377,101","112,563","68,358","3,220","184,452","493,726","862,319",,"2022/04"
"2022","Mar","209,032","419,616","17,216","456,482","747,980","1,850,326","1,773","8,089,284","3,431,584","4,657,700","499,712","633,149","4,199,500","158,260","363,243","204,983","595,412","126,350","75,219","3,029","176,667","499,638","880,903",,"2022/03"
"2022","Feb","156,487","229,700","9,831","336,076","491,958","1,224,052","1,099","5,484,941","2,671,341","2,813,600","416,953","476,137","2,883,600","135,177","304,950","169,773","255,197","84,489","45,570","1,446","140,061","407,642","679,208",,"2022/02"
"2022","Jan","107,320","238,738","8,483","351,390","551,379","1,257,310","900","5,284,910","2,692,810","2,592,100","464,109","487,679","2,797,700","196,772","356,963","160,191","219,429","33,096","51,411","1,542","136,289","271,641","493,979",,"2022/01"
"2021","Dec","92,659","278,054","12,319","462,919","659,141","1,505,093","1,134","6,108,100","2,632,600","3,475,500","281,908","650,505","2,991,400","233,387","417,723","184,336","130,751","50,562","31,516","2,192","187,586","368,877","640,733",,"2021/12"
"2021","Nov","149,963","322,416","14,235","442,201","640,562","1,569,377","1,495","7,245,300","3,122,700","4,122,600","297,648","626,755","3,413,300","212,667","380,636","167,970","271,200","58,362","50,533","2,135","184,553","585,830","881,414",,"2021/11"
"2021","Oct","142,063","309,918","15,392","429,586","634,534","1,531,492","1,872","6,800,761","3,387,421","3,413,340","276,430","603,681","3,312,000","214,100","383,202","169,103","290,200","46,522","53,178","2,357","174,095","540,241","816,394",,"2021/10"
"2021","Sep","162,783","326,581","19,951","444,796","684,541","1,638,651","2,570","7,687,700","3,313,400","4,374,300","245,290","619,076","3,467,100","181,868","325,512","143,644","385,300","49,166","60,190","3,179","174,280","569,572","856,386",,"2021/09"
"2021","Aug","128,276","427,936","27,661","500,647","703,898","1,788,418","3,073","5,247,100","2,261,500","2,985,600","277,014","604,901","2,759,100","212,294","379,970","167,676","8,700","52,653","81,931","6,551","104,254","57,020","302,410",,"2021/08"
"2021","Jul","137,528","448,838","41,331","498,306","637,767","1,763,769","2,014","4,954,100","2,135,200","2,818,900","281,742","601,995","2,694,600","161,714","289,440","127,727","8,700","55,752","85,965","10,071","103,689","63,809","319,286",,"2021/07"
"2021","Jun","122,545","310,248","11,889","490,026","541,467","1,476,174","915","4,788,800","2,064,000","2,724,800","172,385","636,500","2,480,000","136,628","244,540","107,912","8,700","72,856","63,254","3,048","146,474","278,393","564,025",,"2021/06"
"2021","May","140,972","242,051","8,442","395,548","535,352","1,322,366","374","3,854,400","1,661,200","2,193,200","185,871","443,047","1,988,000","138,417","247,744","109,326","4,700","82,626","37,578","1,569","47,499","23,010","192,281",,"2021/05"
"2021","Apr","147,246","217,496","7,673","361,309","439,357","1,173,081","331","4,197,200","1,809,000","2,388,200","166,032","482,307","2,046,000","79,060","141,504","62,444","0","88,705","35,654","1,455","120,998","287,017","533,830",,"2021/04"
"2021","Mar","150,870","267,631","5,745","349,421","522,264","1,295,931","359","4,467,100","1,925,300","2,541,800","193,883","490,245","2,292,700","88,698","158,755","70,057","0","104,266","50,266","1,867","140,824","328,309","625,532",,"2021/03"
"2021","Feb","154,376","166,497","4,984","273,293","427,749","1,026,900","308","3,987,900","1,718,800","2,269,100","158,129","387,122","1,914,000","51,481","92,146","40,664","0","83,679","28,980","861","113,829","404,245","631,595",,"2021/02"
"2021","Jan","138,604","208,194","6,058","353,879","499,752","1,206,487","288","3,860,900","1,664,000","2,196,900","208,334","467,892","1,989,500","121,008","212,088","91,080","0","-22,139","40,023","1,442","114,013","217,136","350,476",,"2021/01"
"2020","Dec","9,500","251,900","8,000","684,700","758,900","1,713,000",,"4,543,000","1,958,000","2,585,000","447,600",,"3,007,400","307,900","551,100","243,200","0","11,000","8,400","1,300","159,000","94,700","274,400",,"2020/12"
"2020","Nov","324,000","359,000","10,000","683,370","819,990","2,196,360",,"6,508,100","2,805,000","3,703,100","648,900",,"4,311,170","268,200","480,060","211,860","0","99,900","47,100","1,800","225,810","590,940","965,550",,"2020/11"
"2020","Oct","356,800","390,500","13,600","770,900","802,500","2,334,300",,"7,037,300","3,033,100","4,004,200","724,900",,"4,670,400","307,900","551,100","243,200","0","90,300","52,900","2,500","259,000","634,400","1,039,100",,"2020/10"
"2020","Sep","328,500","396,300","16,900","741,700","1,103,500","2,586,900",,"7,463,500","3,216,800","4,246,700","721,000",,"4,935,500","298,000","533,400","235,400","0","72,000","66,500","3,000","246,300","685,100","1,072,900",,"2020/09"
"2020","Aug","137,500","342,700","17,200","645,000","944,400","2,086,800",,"5,303,400","2,285,800","3,017,600","669,700",,"3,566,300","307,900","551,100","243,200","0","28,600","67,000","4,200","97,800","40,000","237,600",,"2020/08"
"2020","Jul","11,300","341,400","16,100","563,000","702,400","1,634,200",,"4,617,300","1,990,100","2,627,200","764,300",,"3,172,800","261,700","468,400","206,700","0","-2,500","58,600","3,800","74,800","57,200","191,900",,"2020/07"
"2020","Jun","101,100","198,800","8,600","440,700","278,500","1,027,700",,"2,735,000","1,178,800","1,556,200","106,400",,"1,749,400","65,600","117,400","51,800","0","24,700","28,000","1,700","55,900","45,000","155,300",,"2020/06"
"2020","May","52,400","90,300","4,700","4,800","215,800","368,000",,"2,132,500","919,100","1,213,400","23,500",,"1,341,700","30,800","55,100","24,300","0","20,100","5,900","600","400","20,300","47,300",,"2020/05"
"2020","Apr","41,800","52,400","1,100","55,200","147,700","298,200",,"2,023,900","872,300","1,151,600","24,200",,"1,277,830","29,800","53,340","23,540","59,126","12,200","3,400","100","12,700","43,300","71,700",,"2020/04"
"2020","Mar","574,600","342,000","7,200","722,400","1,534,300","3,180,500",,"8,509,100","3,667,400","4,841,700","403,746",,"5,470,550","172,424","308,616","136,192","525,560","155,600","36,600","600","225,300","608,000","1,026,100",,"2020/03"
"2020","Feb","550,100","598,500","23,700","1,284,200","2,652,200","5,108,700",,"13,851,400","5,970,000","7,881,400","676,250",,"8,913,808","288,100","515,600","227,500","895,400","143,100","70,700","2,700","393,700","1,071,400","1,681,600",,"2020/02"
"2020","Jan","429,500","633,000","26,600","1,238,100","2,609,300","4,936,500",,"13,213,900","5,695,200","7,518,700","722,236",,"8,531,126","307,900","551,100","243,200","781,000","-3,000","85,600","2,600","374,900","1,043,800","1,503,900",,"2020/01"
"2019","Dec","669,900","630,000","21,900","1,280,400","2,254,600","4,856,800",,"13,343,400","5,751,000","7,592,400","746,000",,"8,625,200","297,800","540,100","242,300","788,600","121,600","63,000","2,900","397,600","1,065,500","1,650,600",,"2019/12"
"2019","Nov","591,300","666,300","28,100","1,309,400","2,841,600","5,436,700",,"15,131,400","6,521,600","8,609,800","721,000",,"9,727,900","288,200","522,700","234,500","1,050,400","116,700","70,600","2,900","416,100","1,360,500","1,966,800",,"2019/11"
"2019","Oct","608,500","733,700","31,800","1,314,400","2,734,800","5,423,200",,"15,106,900","6,511,100","8,595,800","724,900",,"9,714,200","297,800","540,100","242,300","1,050,400","113,500","79,300","3,100","420,000","1,329,700","1,945,600",,"2019/10"
"2019","Sep","630,900","753,800","45,900","1,302,900","2,541,600","5,275,100",,"14,728,900","6,348,200","8,380,700","721,000",,"9,476,800","288,200","522,700","234,500","1,072,000","129,600","93,000","4,300","406,400","1,223,400","1,856,700",,"2019/09"
"2019","Aug","609,400","792,200","54,800","1,278,200","2,499,700","5,234,300",,"11,728,300","5,054,900","6,673,400","669,700",,"7,582,400","297,800","540,100","242,300","293,800","128,900","160,600","10,000","298,400","217,300","815,200",,"2019/08"
"2019","Jul","607,600","1,159,500","267,498","1,295,800","2,582,700","5,913,098",,"13,264,900","5,717,200","7,547,700","764,300",,"8,578,481","297,800","540,100","242,300","197,200","154,200","217,700","57,783","340,500","362,600","1,132,783",,"2019/07"
"2019","Jun","564,100","732,700","40,000","1,308,600","2,770,200","5,415,600",,"13,285,100","5,725,900","7,559,200","709,200",,"8,572,300","288,200","522,700","234,500","204,400","138,100","105,000","4,300","363,300","1,072,000","1,682,700",,"2019/06"
"2019","May","552,800","749,400","35,200","1,288,700","2,962,500","5,588,600",,"13,542,100","6,229,400","7,312,700","672,400",,"8,716,900","297,800","540,100","242,300","204,400","124,600","96,600","4,000","377,800","1,076,900","1,679,900",,"2019/05"
"2019","Apr","553,100","682,600","27,700","1,239,700","2,701,700","5,204,800",,"13,968,900","6,425,700","7,543,200","692,100",,"8,990,600","288,200","522,700","234,500","794,900","143,400","91,900","3,700","376,400","1,129,500","1,744,900",,"2019/04"
"2019","Mar","620,400","665,300","25,500","1,170,500","2,758,400","5,240,100",,"14,346,700","6,599,500","7,747,200","720,974",,"9,238,726","297,800","540,100","242,300","976,100","157,800","88,900","4,200","359,900","1,107,400","1,718,200",,"2019/03"
"2019","Feb","476,400","539,200","11,000","1,160,200","2,821,700","5,008,500",,"13,886,200","6,387,700","7,498,500","676,250",,"8,933,266","269,000","487,900","218,900","931,200","143,300","58,000","1,800","360,100","1,235,400","1,798,600",,"2019/02"
"2019","Jan","296,900","697,600","21,800","1,108,000","2,682,400","4,806,700",,"12,888,800","5,928,800","6,960,000","722,236",,"8,328,610","297,800","540,100","242,300","812,300","-53,500","73,200","3,400","340,900","1,040,600","1,404,600",,"2019/01"
"2018","Dec","603,700","659,900","23,800","1,154,800","2,309,400","4,127,700",,"13,465,500","5,803,600","7,661,900","746,000",,"8,696,000","310,800","583,200","272,400","788,600","137,600","83,800","3,100","369,400","1,191,500","1,785,400",,"2018/12"
"2018","Nov","544,800","723,600","23,400","1,188,200","2,797,900","4,965,700",,"14,848,800","6,399,800","8,449,000","721,000",,"9,551,200","300,700","564,300","263,600","1,050,400","112,500","75,000","2,800","371,400","1,346,600","1,908,300",,"2018/11"
"2018","Oct","586,400","786,600","38,200","1,156,600","2,810,700","4,960,100",,"15,056,000","6,489,100","8,566,900","724,900",,"9,682,300","310,800","583,200","272,400","1,050,400","119,400","83,900","3,000","362,000","1,346,100","1,914,400",,"2018/10"
"2018","Sep","556,300","787,800","35,300","1,165,600","2,611,300","4,964,100",,"14,712,900","6,341,300","8,371,600","721,000",,"9,467,600","300,700","564,300","263,600","1,072,000","126,200","101,800","3,400","361,900","1,323,000","1,916,300",,"2018/09"
"2018","Aug","583,600","825,700","44,700","1,152,700","2,559,400","4,793,600",,"11,605,800","5,002,100","6,603,700","669,700",,"7,505,600","310,800","583,200","272,400","293,800","122,100","149,000","5,200","256,000","222,800","755,100",,"2018/08"
"2018","Jul","613,700","1,119,400","336,753","1,158,300","2,620,500","5,337,400",,"13,129,600","5,658,900","7,470,700","764,300",,"8,493,421","310,800","583,200","272,400","197,200","147,800","204,500","86,968","286,400","345,300","1,070,968",,"2018/07"
"2018","Jun","604,700","804,300","52,700","1,176,500","2,803,400","5,109,400",,"13,170,000","5,676,300","7,493,700","709,200",,"8,497,700","300,700","564,300","263,600","204,400","133,000","109,400","3,700","318,200","985,800","1,550,100",,"2018/06"
"2018","May","548,100","792,200","29,500","1,164,400","2,911,600","4,958,300",,"13,399,700","6,163,900","7,235,800","672,400",,"8,627,500","310,800","583,200","272,400","204,400","136,300","101,900","3,200","322,100","1,127,200","1,690,700",,"2018/05"
"2018","Apr","539,500","677,500","24,600","1,076,400","2,716,300","4,859,700",,"13,586,100","6,249,600","7,336,500","692,100",,"8,751,300","300,700","564,300","263,600","794,900","144,500","91,800","3,400","303,400","1,094,000","1,637,100",,"2018/04"
"2018","Mar","552,000","682,800","20,000","1,060,100","2,763,200","4,957,200",,"14,048,500","6,462,300","7,586,200","720,974",,"9,052,127","310,800","583,200","272,400","976,100","149,400","83,000","2,900","306,600","1,121,400","1,663,300",,"2018/03"
"2018","Feb","600,800","599,700","19,400","1,042,100","2,710,800","4,774,700",,"13,746,000","6,323,200","7,422,800","676,250",,"8,846,679","280,700","526,700","246,000","931,200","201,200","65,200","2,800","300,200","1,139,400","1,708,800",,"2018/02"
"2018","Jan","352,500","677,900","11,700","977,500","2,754,800","5,059,400",,"12,648,700","5,818,400","6,830,300","722,236",,"8,176,621","310,800","583,200","272,400","812,300","-86,200","66,400","2,900","270,200","1,001,300","1,254,600",,"2018/01"
"2017","Dec","571,300","652,500","31,300","1,009,600","2,268,700","4,533,400",,"12,867,800","5,546,000","7,321,800","746,000",,"8,322,400","310,800","583,200","272,400","788,600","134,300","60,500","3,100","293,700","1,151,500","1,643,100",,"2017/12"
"2017","Nov","472,900","690,800","23,500","1,011,400","2,933,700","5,132,300",,"14,394,900","6,204,200","8,190,700","721,000",,"9,255,200","300,700","564,300","263,600","1,050,400","98,500","55,300","2,800","303,000","1,320,300","1,779,900",,"2017/11"
"2017","Oct","531,600","733,000","29,600","980,600","2,715,300","4,990,100",,"14,301,600","6,164,000","8,137,600","724,900",,"9,223,100","310,800","583,200","272,400","1,050,400","130,500","66,000","3,000","280,300","1,331,100","1,810,900",,"2017/10"
"2017","Sep","527,900","815,600","48,200","960,400","2,740,500","5,092,600",,"14,440,300","6,223,800","8,216,500","721,000",,"9,294,400","300,700","564,300","263,600","1,072,000","133,900","79,900","3,200","258,600","1,346,300","1,821,900",,"2017/09"
"2017","Aug","539,300","828,100","34,400","918,800","2,615,300","4,935,900",,"11,230,000","4,840,100","6,389,900","669,700",,"7,270,400","310,800","583,200","272,400","293,800","128,000","123,700","-5,600","246,100","263,600","755,800",,"2017/08"
"2017","Jul","619,200","1,176,500","360,383","966,200","2,607,500","5,729,783",,"12,804,000","5,518,500","7,285,500","764,300",,"8,289,710","310,800","583,200","272,400","197,200","161,700","182,300","100,227","175,200","368,700","988,127",,"2017/07"
"2017","Jun","625,100","797,700","45,700","876,700","3,004,800","5,350,000",,"12,891,100","5,556,100","7,335,000","709,200",,"8,323,800","300,700","564,300","263,600","204,400","157,800","83,400","4,200","238,800","982,700","1,466,900",,"2017/06"
"2017","May","519,300","796,800","39,900","818,600","3,062,700","5,237,300",,"12,877,800","5,923,800","6,954,000","672,400",,"8,301,400","310,800","583,200","272,400","204,400","150,200","76,900","3,700","227,300","1,116,600","1,574,700",,"2017/05"
"2017","Apr","625,500","675,000","36,000","737,000","2,764,000","4,837,500",,"12,962,100","5,962,600","6,999,500","692,100",,"8,361,100","300,700","564,300","263,600","794,900","117,100","68,000","3,500","209,100","1,048,500","1,446,200",,"2017/04"
"2017","Mar","632,200","735,900","25,600","627,500","3,080,700","5,101,900",,"13,987,500","6,434,200","7,553,300","720,974",,"9,012,739","310,800","583,200","272,400","976,100","154,700","75,100","3,000","166,400","1,202,700","1,601,900",,"2017/03"
"2017","Feb","626,100","662,100","29,800","660,800","2,910,700","4,889,500",,"13,369,800","6,150,100","7,219,700","676,250",,"8,609,878","280,700","526,700","246,000","931,200","158,400","60,100","2,600","168,900","1,170,400","1,560,400",,"2017/02"
"2017","Jan","241,700","684,300","14,600","641,600","2,841,200","4,423,400",,"11,828,300","5,441,000","6,387,300","722,236",,"7,665,345","310,800","583,200","272,400","812,300","-75,900","44,500","2,800","159,500","960,800","1,091,700",,"2017/01"
"2016","Dec","652,600","661,700","33,300","644,100","2,542,600","4,534,300",,"12,432,500","5,358,400","7,074,100","746,000",,"8,050,200","309,900","581,600","271,700","788,600","152,100","67,100","3,200","153,800","998,500","1,374,700",,"2016/12"
"2016","Nov","542,000","734,200","33,100","679,400","3,091,900","5,080,600",,"14,061,100","6,060,300","8,000,800","721,000",,"9,058,800","299,900","562,800","262,900","1,050,400","119,800","64,500","3,000","150,800","1,279,900","1,618,000",,"2016/11"
"2016","Oct","603,400","767,800","31,800","671,500","2,983,000","5,057,500",,"13,948,600","6,011,800","7,936,800","724,900",,"8,990,000","309,900","581,600","271,700","1,050,400","86,200","70,300","3,500","140,300","1,247,500","1,547,800",,"2016/10"
"2016","Sep","591,300","843,900","48,700","668,600","2,942,900","5,095,400",,"14,077,500","6,067,400","8,010,100","721,000",,"9,069,300","299,900","562,800","262,900","1,072,000","116,900","87,700","2,500","129,900","1,253,000","1,590,000",,"2016/09"
"2016","Aug","566,400","879,700","13,600","641,400","2,710,500","4,811,600",,"10,528,900","4,538,000","5,990,900","669,700",,"6,832,200","309,900","581,600","271,700","293,800","110,400","138,800","-12,100","35,900","175,800","448,800",,"2016/08"
"2016","Jul","657,400","1,164,300","307,100","657,400","2,839,600","5,625,800",,"12,437,400","5,360,500","7,076,900","764,300",,"8,060,700","309,900","581,600","271,700","197,200","146,000","182,000","76,500","46,400","413,400","864,300",,"2016/07"
"2016","Jun","666,300","838,000","54,100","683,600","3,097,100","5,339,100",,"12,738,300","5,490,200","7,248,100","709,200",,"8,227,900","299,900","562,800","262,900","204,400","147,000","93,700","4,300","152,700","986,100","1,383,800",,"2016/06"
"2016","May","566,300","825,100","40,900","675,500","3,226,500","5,334,300",,"12,950,300","5,581,600","7,368,700","672,400",,"8,346,600","309,900","581,600","271,700","204,400","110,100","78,300","4,400","157,000","1,174,300","1,524,100",,"2016/05"
"2016","Apr","653,500","766,300","36,500","647,200","3,155,600","5,259,100",,"13,838,400","6,365,700","7,472,700","692,100",,"8,908,700","299,900","562,800","262,900","794,900","122,700","91,100","4,000","155,900","1,199,300","1,573,000",,"2016/04"
"2016","Mar","647,300","776,100","31,800","635,700","3,238,900","5,329,800",,"14,183,400","6,524,400","7,659,000","720,974",,"9,135,209","309,900","581,600","271,700","976,100","124,900","75,900","3,800","152,000","1,144,700","1,501,300",,"2016/03"
"2016","Feb","673,500","732,000","29,000","619,700","3,193,200","5,247,400",,"13,932,900","6,409,100","7,523,800","676,250",,"8,961,869","289,900","544,000","254,100","931,200","111,600","64,800","2,800","150,500","1,205,700","1,535,400",,"2016/02"
"2016","Jan","638,200","745,200","29,300","578,500","3,216,900","5,208,100",,"13,735,700","6,318,400","7,417,300","722,236",,"8,857,475","309,900","581,600","271,700","812,300","160,300","72,500","2,600","142,200","1,124,300","1,501,900",,"2016/01"
"2015","Dec","657,400","760,900","25,900","603,000","2,915,700","4,907,400",,"13,320,200","5,994,100","7,326,100","746,000",,"8,607,900","277,000","599,400","322,400","788,600","134,000","77,000","3,200","143,700","1,120,000","1,477,900",,"2015/12"
"2015","Nov","630,400","765,600","25,800","624,300","3,319,900","5,310,600",,"14,642,900","6,589,300","8,053,600","721,000",,"9,422,400","268,000","580,000","312,000","1,050,400","128,500","66,800","2,500","137,700","1,345,400","1,680,900",,"2015/11"
"2015","Oct","707,400","858,000","35,600","686,700","3,509,800","5,742,100",,"15,410,600","7,427,900","7,982,700","724,900",,"9,904,400","277,000","599,400","322,400","1,050,400","149,400","77,700","2,900","121,800","1,354,200","1,706,000",,"2015/10"
"2015","Sep","797,500","912,200","40,300","590,500","3,412,700","5,697,800",,"15,298,900","7,374,100","7,924,800","721,000",,"9,832,500","268,000","580,000","312,000","1,072,000","155,400","89,000","3,500","96,000","1,335,100","1,679,000",,"2015/09"
"2015","Aug","766,400","905,800","25,700","649,800","3,016,600","5,308,800",,"11,598,900","5,590,700","6,008,200","669,700",,"7,500,900","277,000","599,400","322,400","293,800","144,400","140,400","-600","27,700","239,200","551,100",,"2015/08"
"2015","Jul","814,500","1,307,800","338,700","662,900","3,201,700","6,270,100",,"13,697,400","6,602,100","7,095,300","764,300",,"8,848,000","277,000","599,400","322,400","197,200","190,500","186,300","68,500","36,000","456,000","937,300",,"2015/07"
"2015","Jun","789,000","920,400","41,700","666,400","3,542,500","5,904,600",,"13,846,200","6,673,900","7,172,300","709,200",,"8,921,400","268,000","580,000","312,000","204,400","181,500","97,200","3,500","126,100","1,032,000","1,440,300",,"2015/06"
"2015","May","805,900","902,000","37,200","646,700","3,639,800","5,976,300",,"14,217,500","6,852,800","7,364,700","672,400",,"9,138,400","277,000","599,400","322,400","204,400","170,400","87,100","4,600","126,100","1,217,800","1,606,000",,"2015/05"
"2015","Apr","795,000","870,900","32,200","602,900","3,490,400","5,735,900",,"14,684,300","7,077,800","7,606,500","692,100",,"9,437,400","268,000","580,000","312,000","794,900","133,500","86,100","3,600","123,700","1,208,700","1,555,600",,"2015/04"
"2015","Mar","855,500","876,900","31,900","588,900","3,635,800","5,933,700",,"15,471,000","7,457,000","8,014,000","720,974",,"9,940,221","277,000","599,400","322,400","976,100","166,100","87,400","3,700","121,400","1,251,800","1,630,400",,"2015/03"
"2015","Feb","782,600","796,400","24,100","581,200","3,604,500","5,733,500",,"14,884,900","7,174,500","7,710,400","676,250",,"9,556,788","250,200","541,400","291,200","931,200","148,700","71,300","2,500","118,900","1,253,600","1,595,000",,"2015/02"
"2015","Jan","448,800","817,000","24,300","560,100","3,582,300","6,042,000",,"13,744,900","6,625,000","7,119,900","722,236",,"8,864,252","277,000","599,400","322,400","812,300","-59,600","106,300","2,300","113,500","1,103,800","1,266,300",,"2015/01"
"2014","Dec","766,700","912,700","23,100","605,400","3,188,200","4,856,200",,"14,187,200","6,384,200","7,803,000","650,500",,"9,111,116","328,800","626,400","297,600","776,900","119,100","0","2,500","103,100","1,219,200","1,536,100",,"2014/12"
"2014","Nov","675,200","799,600","93,000","627,400","3,771,400","6,024,800",,"15,526,000","6,986,700","8,539,300","628,700",,"9,939,686","318,200","606,200","288,000","1,034,800","97,300","0","1,600","100,400","1,379,700","1,682,400",,"2014/11"
"2014","Oct","654,900","968,800","23,200","622,700","3,788,900","6,116,600",,"15,824,500","7,627,400","8,197,100","632,100",,"10,100,000","328,800","626,400","297,600","1,034,800","90,600","0","2,300","94,400","1,446,300","1,750,400",,"2014/10"
"2014","Sep","730,000","1,014,500","26,900","588,500","3,558,400","5,976,500",,"15,487,000","7,464,700","8,022,300","628,700",,"9,915,480","318,200","606,200","288,000","1,056,100","105,200","0","2,500","70,000","1,381,500","1,683,400",,"2014/09"
"2014","Aug","674,500","1,005,000","29,000","624,400","3,241,300","5,632,400",,"11,731,500","5,654,600","6,076,900","584,000",,"7,551,394","328,900","626,600","297,700","289,500","101,500","0","5,300","20,600","200,100","456,600",,"2014/08"
"2014","Jul","707,300","1,583,200","62,700","633,000","3,430,300","6,474,700",,"13,560,800","6,536,300","7,024,500","666,500",,"8,725,424","328,800","626,500","297,700","194,200","115,000","0","10,100","26,100","461,800","796,200",,"2014/07"
"2014","Jun","712,800","966,300","25,500","642,400","3,705,600","6,110,700",,"13,757,600","6,631,200","7,126,400","618,400",,"8,830,382","318,300","606,400","288,100","201,300","102,200","0","2,300","101,100","1,008,800","1,330,100",,"2014/06"
"2014","May","625,500","926,100","22,300","601,800","3,847,200","6,081,000",,"14,106,500","6,799,300","7,307,200","586,300",,"9,036,444","328,800","626,400","297,600","201,300","98,600","0","2,000","100,100","1,263,000","1,577,200",,"2014/05"
"2014","Apr","596,000","839,100","19,100","522,500","3,639,100","5,674,000",,"14,355,000","6,919,100","7,435,900","603,500",,"9,198,210","318,300","606,300","288,000","783,000","127,000","0","2,000","99,600","1,236,900","1,566,400",,"2014/04"
"2014","Mar","729,900","768,700","14,400","501,800","3,600,500","5,673,500",,"14,648,600","7,060,600","7,588,000","628,700",,"9,391,163","328,800","626,400","297,600","961,600","130,600","139,900","1,300","97,900","1,169,700","1,539,400",,"2014/03"
"2014","Feb","716,300","725,800","13,000","496,100","3,442,100","5,451,400",,"14,008,600","6,752,100","7,256,500","589,700",,"8,978,416","297,000","565,800","268,800","917,400","85,800","50,600","1,100","97,300","1,251,900","1,486,700",,"2014/02"
"2014","Jan","816,600","882,800","14,400","447,700","3,586,900","5,806,600",,"14,767,800","7,118,100","7,649,700","629,800",,"9,468,401","328,800","626,400","297,600","800,200","310,700","101,500","1,200","94,400","1,131,300","1,639,100",,"2014/01"
"2013","Dec","814,200","821,100","12,600","493,000","3,460,700","5,601,600",,"12,688,000","6,304,700","6,383,300","650,500",,"8,174,616",,"616,900",,"776,900","-227,300","56,300","1,300","72,600","605,900","508,800",,"2013/12"
"2013","Nov","884,400","850,500","13,500","488,200","3,643,100","5,879,700",,"15,161,700","7,533,800","7,627,900","628,700",,"9,714,176",,"597,000",,"1,034,800","122,900","73,900","800","83,400","1,267,300","1,548,300",,"2013/11"
"2013","Oct","833,300","950,300","16,800","478,000","3,571,000","5,849,400",,"15,649,200","7,511,600","8,137,600","632,100",,"10,000,000",,"616,900",,"1,034,800","136,500","87,100","1,200","70,800","1,546,400","1,842,000",,"2013/10"
"2013","Sep","899,700","959,200","18,700","474,000","3,403,600","5,755,200",,"15,148,700","7,271,400","7,877,300","628,700",,"9,712,708",,"597,000",,"1,056,100","131,900","93,200","1,400","54,200","1,384,700","1,633,600",,"2013/09"
"2013","Aug","855,700","965,300","20,100","514,100","3,102,900","5,458,100",,"11,663,600","5,598,500","6,065,100","584,000",,"7,509,737",,"616,900",,"289,500","131,100","137,600","2,700","9,300","260,200","540,900",,"2013/08"
"2013","Jul","964,900","1,421,400","38,000","453,600","3,158,700","6,036,600",,"13,070,900","6,274,000","6,796,900","666,500",,"8,420,609",,"616,900",,"194,200","139,300","205,100","5,700","10,900","523,500","884,500",,"2013/07"
"2013","Jun","866,600","729,100","12,700","512,000","3,544,600","5,665,000",,"12,963,200","6,222,300","6,740,900","515,300",,"8,294,250",,"597,000",,"201,300","140,300","81,200","1,100","11,100","1,065,300","1,299,000",,"2013/06"
"2013","May","876,200","959,300","16,100","478,700","3,673,700","6,004,000",,"14,147,400","6,790,800","7,356,600","586,300",,"9,061,531",,"616,900",,"201,300","132,400","96,500","1,200","8,500","1,374,400","1,613,000",,"2013/05"
"2013","Apr","946,400","836,500","13,200","419,200","3,380,000","5,595,300",,"14,317,700","6,872,500","7,445,200","603,500",,"9,173,868",,"597,000",,"783,000","136,000","89,600","1,300","4,800","1,337,600","1,569,300",,"2013/04"
"2013","Mar","1,005,300","784,000","11,000","417,200","3,376,600","5,594,100",,"14,761,200","7,085,400","7,675,800","628,700",,"9,462,486",,"616,900",,"961,600","162,900","86,200","1,200","0","1,383,100","1,633,400",,"2013/03"
"2013","Feb","996,000","739,200","8,900","367,000","3,309,900","5,421,000",,"14,307,300","6,867,500","7,439,800","589,700",,"9,163,172",,"557,200",,"917,400","146,000","74,300","900","0","1,434,400","1,655,600",,"2013/02"
"2013","Jan","1,229,700","786,500","3,400","394,200","3,142,600","5,556,400",,"13,657,100","6,555,400","7,101,700","629,800",,"8,774,552",,"616,900",,"800,200","132,500","92,000","-4,700","0","925,500","1,145,300",,"2013/01"
"2012","Dec","1,022,000","720,800","700",,"2,543,100","4,673,600",,"12,919,800","6,419,800","6,500,000","650,500",,"8,320,290",,"689,100",,"735,600","148,300","76,600","-2,900",,"1,323,300","1,545,300",,"2012/12"
"2012","Nov","767,800","765,300","9,800",,"3,215,300","5,157,600",,"14,682,100","7,295,500","7,386,600","628,700",,"9,174,159",,"689,100",,"981,421","132,100","74,000","100",,"1,467,000","1,673,200",,"2012/11"
"2012","Oct","859,500","817,400","12,100",,"3,113,800","5,197,100",,"14,751,300","7,080,600","7,670,700","632,100",,"9,240,313",,"689,100",,"956,800","156,100","88,000","1,700",,"1,487,200","1,733,000",,"2012/10"
"2012","Sep","1,061,400","858,100","18,600",,"2,951,400","5,263,100",,"14,378,700","6,901,800","7,476,900","628,700",,"9,243,686",,"649,000",,"976,400","182,400","95,700","1,900",,"1,425,700","1,705,700",,"2012/09"
"2012","Aug","1,203,000","850,200","16,400",,"2,773,200","5,287,700",,"11,489,300","5,514,900","5,974,400","584,000",,"7,442,258",,"673,000",,"267,600","173,800","149,000","2,400",,"276,800","602,000",,"2012/08"
"2012","Jul","1,183,000","1,371,800","41,000",,"2,861,600","5,906,000",,"12,783,600","6,136,100","6,647,500","666,500",,"8,291,561",,"673,000",,"179,600","179,600","226,800","6,500",,"422,200","835,100",,"2012/07"
"2012","Jun","1,132,800","771,400","16,100",,"3,055,200","5,309,300",,"12,579,100","6,038,000","6,541,100","618,400",,"8,182,223",,"649,000",,"186,100","188,800","109,000","1,400",,"1,094,700","1,393,900",,"2012/06"
"2012","May","1,146,600","786,900","9,200",,"3,158,700","5,482,200",,"13,212,300","6,341,900","6,870,400","586,300",,"8,586,441",,"673,000",,"186,100","191,100","95,200","700",,"1,336,100","1,623,100",,"2012/05"
"2012","Apr","1,154,500","659,300","8,400",,"2,870,700","5,037,800",,"13,016,700","6,248,000","6,768,700","603,500",,"8,459,562",,"649,000",,"642,000","195,700","90,500","700",,"1,208,800","1,495,700",,"2012/04"
"2012","Mar","1,170,700","678,300","6,000",,"2,862,800","5,041,100",,"13,706,000","6,578,900","7,127,100","628,700",,"8,909,578",,"673,000",,"873,600","197,600","96,900","600",,"1,368,700","1,663,800",,"2012/03"
"2012","Feb","1,166,600","618,100","5,200",,"2,835,900","4,954,600",,"13,436,600","6,449,600","6,987,000","589,700",,"8,729,910",,"633,000",,"817,400","195,500","78,200","600",,"1,430,800","1,705,100",,"2012/02"
"2012","Jan","767,700","636,900","3,900",,"2,696,500","4,434,800",,"11,324,900","5,436,000","5,888,900","629,800",,"7,391,633",,"673,000",,"700,100","-58,800","98,200","-4,600",,"893,500","928,300",,"2012/01"
"2011","Dec","1,269,500","599,400","13,600",,"2,338,800","4,531,000",,"12,484,000","6,203,300","6,280,700","650,500",,"8,072,190",,"586,898",,"724,600","182,300","89,200","5,800",,"1,272,500","1,549,800",,"2011/12"
"2011","Nov","1,327,600","597,300","16,100",,"2,848,900","5,119,100",,"13,963,400","6,702,400","7,261,000","628,700",,"8,992,572",,"586,898",,"963,011","148,100","69,300","2,300",,"1,438,000","1,657,700",,"2011/11"
"2011","Oct","1,198,300","643,300","13,100",,"2,754,700","4,933,600",,"13,627,700","6,541,300","7,086,400","632,100",,"8,780,319",,"586,898",,"924,300","167,000","86,200","700",,"1,422,900","1,676,800",,"2011/10"
"2011","Sep","1,266,300","682,600","14,400",,"2,674,000","4,945,900",,"13,600,300","6,528,100","7,072,200","628,700",,"8,761,225",,"552,776",,"942,500","171,000","101,700","1,700",,"1,387,900","1,662,300",,"2011/09"
"2011","Aug","1,313,000","730,200","10,500",,"2,488,600","4,890,400",,"10,534,900","5,056,800","5,478,100","584,000",,"6,824,924",,"573,250",,"263,380","167,500","116,000","1,200",,"206,000","490,700",,"2011/08"
"2011","Jul","1,187,400","1,026,300","9,100",,"2,581,900","5,198,300",,"11,442,000","5,492,200","5,949,800","666,500",,"7,423,985",,"573,250",,"175,500","166,100","219,000","1,700",,"440,600","827,400",,"2011/07"
"2011","Jun","1,182,900","665,100","11,100",,"2,845,900","5,049,600",,"11,854,800","5,690,300","6,164,500","618,400",,"7,669,186",,"552,776",,"182,000","145,200","106,200","1,400",,"984,900","1,237,700",,"2011/06"
"2011","May","1,106,200","641,500","4,500",,"2,903,300","4,992,600",,"12,216,500","5,863,900","6,352,600","586,300",,"7,887,738",,"573,250",,"182,000","150,900","99,900","900",,"1,268,300","1,520,000",,"2011/05"
"2011","Apr","1,006,100","549,600","3,900",,"2,658,500","4,504,400",,"12,069,000","5,793,100","6,275,900","603,500",,"7,797,244",,"552,776",,"629,200","161,400","87,300","400",,"1,229,100","1,478,200",,"2011/04"
"2011","Mar","1,148,500","572,000","2,700",,"2,738,100","4,743,300",,"12,948,500","6,215,300","6,733,200","628,700",,"8,355,050",,"573,250",,"858,580","161,800","83,200","200",,"1,278,200","1,523,400",,"2011/03"
"2011","Feb","1,051,300","528,200","1,500",,"2,529,700","4,390,100",,"12,123,100","5,819,100","6,304,000","589,700",,"7,815,620",,"539,128",,"799,349","146,600","69,500","-400",,"1,257,600","1,473,300",,"2011/02"
"2011","Jan","1,127,800","535,000","10,500",,"2,573,200","4,527,500",,"12,103,100","5,809,500","6,293,600","629,800",,"7,823,674",,"573,250",,"685,100","152,300","78,500","7,700",,"1,145,800","1,384,300",,"2011/01"
"2010","Dec","1,171,400","553,200","-6,700",,"2,330,100","4,302,900",,"11,901,000","5,712,500","6,188,500","650,487",,"7,720,854",,"586,898",,"692,900","154,900","83,900","-7,500",,"1,217,000","1,448,300",,"2010/12"
"2010","Nov","1,072,200","598,500","3,700",,"2,809,200","4,765,600",,"13,284,000","6,376,300","6,907,700","628,699",,"8,561,823",,"586,898",,"924,300","140,900","72,300","400",,"1,418,900","1,632,500",,"2010/11"
"2010","Oct","1,131,500","624,100","5,800",,"2,745,200","4,778,900",,"13,362,900","6,414,200","6,948,700","632,139",,"8,616,193",,"586,898",,"924,300","148,200","87,100","1,000",,"1,427,600","1,663,900",,"2010/10"
"2010","Sep","1,128,100","650,900","8,100",,"2,641,400","4,693,700",,"13,156,700","6,315,200","6,841,500","628,699",,"8,484,691",,"552,776",,"942,500","149,800","95,700","1,200",,"1,393,200","1,639,900",,"2010/09"
"2010","Aug","1,139,700","651,300","9,000",,"2,461,800","4,558,200",,"9,979,500","4,790,200","5,189,300","583,976",,"6,473,079",,"573,250",,"263,380","152,200","150,100","2,400",,"180,900","485,600",,"2010/08"
"2010","Jul","1,205,000","1,022,100","13,200",,"2,545,300","5,088,600",,"11,185,200","5,368,900","5,816,300","666,542",,"7,264,581",,"573,250",,"175,500","168,700","218,400","2,200",,"345,100","734,400",,"2010/07"
"2010","Jun","1,132,100","661,500","11,000",,"2,854,700","4,956,000",,"11,970,800","5,746,000","6,224,800","618,378",,"7,748,157",,"552,776",,"182,000","147,400","100,700","900",,"1,136,800","1,385,800",,"2010/06"
"2010","May","1,115,100","625,100","5,100",,"2,902,400","4,946,400",,"12,155,800","5,834,800","6,321,000","586,269",,"7,856,638",,"573,250",,"182,000","142,000","86,400","900",,"1,282,900","1,512,200",,"2010/05"
"2010","Apr","1,069,400","598,000","5,300",,"2,617,200","4,531,100",,"12,029,300","5,774,100","6,255,200","603,470",,"7,779,578",,"552,776",,"629,200","133,000","89,200","500",,"1,189,400","1,412,100",,"2010/04"
"2010","Mar","1,224,300","654,600","3,500",,"2,571,500","4,706,500",,"12,852,300","6,169,100","6,683,200","628,699",,"8,305,672",,"573,250",,"852,800","137,100","101,800","600",,"1,247,600","1,487,100",,"2010/03"
"2010","Feb","1,149,800","563,400","4,400",,"2,707,900","4,662,100",,"12,813,500","6,150,500","6,663,000","589,709",,"8,263,052",,"539,128",,"799,349","142,200","67,200","500",,"1,410,600","1,620,500",,"2010/02"
"2010","Jan","593,100","595,900","-4,600",,"2,534,300","3,962,200",,"11,238,600","5,394,500","5,844,100","629,846",,"7,293,312",,"573,250",,"685,100","135,500","83,400","-6,300",,"1,178,200","1,390,800",,"2010/01"
"2009","Dec","1,113,300","689,800","13,000",,"2,320,200","4,354,300",,,,,"605,692",,"7,636,300",,"586,898",,"555,000","136,100","76,400","4,700",,"1,279,800","1,497,000",,"2009/12"
"2009","Nov","1,050,700","718,200","10,100",,"2,783,100","4,802,100",,,,,"585,884",,"8,429,600",,"586,898",,"773,000","130,100","70,800","4,300",,"1,434,700","1,639,900",,"2009/11"
"2009","Oct","1,161,300","746,400","7,300",,"2,702,300","4,857,500",,,,,"589,012",,"8,469,308",,"586,898",,"741,000","137,000","72,300","1,100",,"1,437,600","1,648,000",,"2009/10"
"2009","Sep","1,152,600","799,200","12,900",,"2,613,300","4,795,300",,,,,"585,884",,"8,685,202",,"552,776",,"773,100","146,200","83,800","1,300",,"1,406,400","1,637,700",,"2009/09"
"2009","Aug","1,126,200","765,900","11,300",,"2,338,200","4,479,600",,,,,"545,227",,"6,292,477",,"573,250",,"202,600","173,400","139,400","1,700",,"172,800","487,300",,"2009/08"
"2009","Jul","1,123,200","1,202,700","17,700",,"2,520,900","5,108,200",,,,,"620,287",,"7,225,537",,"573,250",,"135,000","156,000","211,700","3,800",,"375,300","487,300",,"2009/07"
"2009","Jun","1,110,700","816,300","11,400",,"2,805,800","4,996,800",,,,,"576,502",,"7,674,978",,"552,776",,"140,000","151,800","100,300","2,300",,"1,112,500","746,800",,"2009/06"
"2009","May","1,072,300","742,600","8,600",,"2,924,000","4,996,000",,,,,"547,312",,"7,843,462",,"573,250",,"165,000","181,300","75,900","700",,"1,266,300","1,366,900",,"2009/05"
"2009","Apr","1,145,500","705,300","7,200",,"2,766,900","4,838,200",,,,,"562,949",,"8,085,225",,"552,776",,"587,800","178,200","81,000","1,100",,"1,249,300","1,524,200",,"2009/04"
"2009","Mar","1,288,400","734,900","7,900",,"2,773,200","5,020,600",,,,,"585,884",,"8,420,434",,"573,250",,"679,000","194,200","78,000","1,500",,"1,251,000","1,509,600",,"2009/03"
"2009","Feb","1,202,300","659,600","7,000",,"2,776,900","4,849,000",,,,,"550,439",,"8,151,867",,"539,128",,"637,000","201,400","67,400","2,100",,"1,268,400","1,539,300",,"2009/02"
"2009","Jan","688,700","687,400","-1,200",,"2,741,700","4,365,900",,,,,"586,927",,"7,236,527",,"573,250",,"590,450","-130,300","67,800","-6,600",,"1,155,700","1,086,600",,"2009/01"
"2008","Dec","1,187,880","707,280","15,160",,"2,543,625","4,608,326",,,,,"581,000",,"7,986,112",,"592,000",,"689,758","171,612","86,950","7,875",,"1,222,885","1,489,322",,"2008/12"
"2008","Nov","1,096,395","697,090","8,648",,"2,929,341","4,929,672",,,,,"562,000",,"8,417,149",,"592,000",,"689,758","161,575","79,497","1,584",,"1,367,715","1,610,371",,"2008/11"
"2008","Oct","1,222,319","815,000","11,935",,"3,204,873","5,457,466",,,,,"570,000",,"9,113,277",,"592,000",,"770,508","190,588","84,379","1,980",,"1,405,613","1,682,560",,"2008/10"
"2008","Sep","1,256,279","822,642","12,375",,"2,884,251","5,177,746",,,,,"562,000",,"8,696,034",,"559,000",,"740,058","179,030","94,703","2,164",,"1,349,560","1,625,457",,"2008/09"
"2008","Aug","1,237,544","799,288","14,303",,"2,662,268","4,896,267",,,,,"553,000",,"6,797,743",,"577,000",,"184,000","169,208","157,381","3,496",,"252,891","582,976",,"2008/08"
"2008","Jul","1,308,957","1,310,798","26,490",,"2,757,908","5,619,179",,,,,"587,000",,"7,910,232",,"577,000",,"113,200","173,458","237,635","7,452",,"436,717","855,263",,"2008/07"
"2008","Jun","1,170,272","838,962","15,705",,"2,929,807","5,171,706",,,,,"579,000",,"7,709,657",,"559,000",,"113,200","146,445","106,284","2,388",,"999,862","1,254,979",,"2008/06"
"2008","May","1,156,672","786,595","9,880",,"2,884,448","5,044,722",,,,,"553,000",,"7,802,389",,"577,000",,"113,200","145,108","97,505","1,864",,"1,238,217","1,482,695",,"2008/05"
"2008","Apr","1,234,205","733,908","8,288",,"2,711,755","4,889,255",,,,,"562,000",,"8,113,411",,"559,000",,"569,058","158,808","81,498","1,628",,"1,259,028","1,500,962",,"2008/04"
"2008","Mar","1,178,782","718,833","8,306",,"2,626,069","4,730,069",,,,,"583,000",,"7,926,613",,"577,000",,"524,000","153,674","100,027","2,207",,"1,230,318","1,486,226",,"2008/03"
"2008","Feb","1,042,664","667,741","807",,"2,547,495","4,449,867",,,,,"527,000",,"7,543,397",,"540,000",,"524,000","156,748","71,819","-5,370",,"1,251,650","1,474,848",,"2008/02"
"2008","Jan","903,956","724,994","16,319",,"2,431,605","4,274,194",,,,,"583,000",,"7,298,035",,"577,000",,"508,000","158,987","89,269","9,921",,"1,067,255","1,325,432",,"2008/01"
"2007","Dec","1,329,029","734,249","11,395",,"1,994,256","4,264,715",,,,,"518,000",,"7,267,905",,"591,683",,"342,000","213,543","76,919","7,184",,"1,215,962","1,513,608",,"2007/12"
"2007","Nov","1,120,506","809,849","6,356",,"2,584,129","4,720,391",,,,,"501,000",,"7,729,867",,"591,683",,"733,000","159,202","70,026","968",,"1,380,984","1,611,180",,"2007/11"
"2007","Oct","1,249,848","905,113","8,901",,"2,469,649","4,834,944",,,,,"509,000",,"7,909,218",,"591,683",,"738,000","151,438","76,290","1,496",,"1,344,958","1,574,183",,"2007/10"
"2007","Sep","1,320,621","869,384","9,131",,"2,334,843","4,733,187",,,,,"501,000",,"7,560,208",,"558,734",,"712,000","178,959","84,270","1,956",,"1,388,422","1,653,607",,"2007/09"
"2007","Aug","1,298,190","915,603","14,616",,"2,188,986","4,592,561",,,,,"492,000",,"6,954,599",,"577,413",,"111,000","200,372","144,335","4,396",,"237,762","586,866",,"2007/08"
"2007","Jul","1,436,432","1,435,195","23,814",,"2,177,119","5,290,564",,,,,"522,000",,"7,264,307",,"577,413",,"111,000","205,861","225,009","6,008",,"384,498","821,376",,"2007/07"
"2007","Jun","1,301,996","916,952","19,963",,"2,221,549","4,686,986",,,,,"518,000",,"7,326,853",,"558,734",,"111,000","200,572","100,877","2,780",,"1,025,859","1,330,087",,"2007/06"
"2007","May","1,174,406","932,816","20,347",,"1,947,919","4,299,796",,,,,"492,000",,"6,364,340",,"577,413",,"111,000","168,558","84,001","2,732",,"1,159,599","1,414,890",,"2007/05"
"2007","Apr","1,129,198","765,108","7,998",,"2,368,565","4,490,332",,,,,"501,000",,"8,188,710",,"558,734",,"509,000","170,997","89,683","2,132",,"1,182,013","1,444,825",,"2007/04"
"2007","Mar","1,068,950","835,176","10,291",,"2,484,628","4,621,616",,,,,"517,000",,"8,313,674",,"577,413",,"509,000","176,948","92,606","2,678",,"1,353,062","1,625,295",,"2007/03"
"2007","Feb","1,161,766","739,657","8,546",,"2,331,191","4,465,424",,,,,"463,000",,"8,160,390",,"540,056",,"584,947","206,278","65,269","2,770",,"1,342,396","1,616,713",,"2007/02"
"2007","Jan","1,093,828","815,188","8,184",,"2,236,866","4,376,385",,,,,"517,000",,"7,256,324",,"577,413",,"535,264","-23,652","96,634","205",,"1,146,277","1,219,464",,"2007/01"
"2006","Dec",,,,,,,,,,,,,,,,,,,,,,,,,"2006/12"
"2006","Nov",,,,,,,,,,,,,,,,,,,,,,,,,"2006/11"
"2006","Oct",,,,,,,,,,,,,,,,,,,,,,,,,"2006/10"
"2006","Sep",,,,,,,,,,,,,,,,,,,,,,,,,"2006/09"
"2006","Aug",,,,,,,,,,,,,,,,,,,,,,,,,"2006/08"
"2006","Jul",,,,,,,,,,,,,,,,,,,,,,,,,"2006/07"
"2006","Jun",,,,,,,,,,,,,,,,,,,,,,,,,"2006/06"
"2006","May",,,,,,,,,,,,,,,,,,,,,,,,,"2006/05"
"2006","Apr",,,,,,,,,,,,,,,,,,,,,,,,,"2006/04"
"2006","Mar",,,,,,,,,,,,,,,,,,,,,,,,,"2006/03"
"2006","Feb",,,,,,,,,,,,,,,,,,,,,,,,,"2006/02"
"2006","Jan",,,,,,,,,,,,,,,,,,,,,,,,,"2006/01"
"2005","Dec",,,,,,,,,,,,,,,,,,,,,,,,,"2005/12"
"2005","Nov",,,,,,,,,,,,,,,,,,,,,,,,,"2005/11"
"2005","Oct",,,,,,,,,,,,,,,,,,,,,,,,,"2005/10"
"2005","Sep",,,,,,,,,,,,,,,,,,,,,,,,,"2005/09"
"2005","Aug",,,,,,,,,,,,,,,,,,,,,,,,,"2005/08"
"2005","Jul",,,,,,,,,,,,,,,,,,,,,,,,,"2005/07"
"2005","Jun",,,,,,,,,,,,,,,,,,,,,,,,,"2005/06"
"2005","May",,,,,,,,,,,,,,,,,,,,,,,,,"2005/05"
"2005","Apr",,,,,,,,,,,,,,,,,,,,,,,,,"2005/04"
"2005","Mar",,,,,,,,,,,,,,,,,,,,,,,,,"2005/03"
"2005","Feb",,,,,,,,,,,,,,,,,,,,,,,,,"2005/02"
"2005","Jan",,,,,,,,,,,,,,,,,,,,,,,,,"2005/01"
"2004","Dec",,,,,,,,,,,,,,,,,,,,,,,,,"2004/12"
"2004","Nov",,,,,,,,,,,,,,,,,,,,,,,,,"2004/11"
"2004","Oct",,,,,,,,,,,,,,,,,,,,,,,,,"2004/10"
"2004","Sep",,,,,,,,,,,,,,,,,,,,,,,,,"2004/09"
"2004","Aug",,,,,,,,,,,,,,,,,,,,,,,,,"2004/08"
"2004","Jul",,,,,,,,,,,,,,,,,,,,,,,,,"2004/07"
"2004","Jun",,,,,,,,,,,,,,,,,,,,,,,,,"2004/06"
"2004","May",,,,,,,,,,,,,,,,,,,,,,,,,"2004/05"
"2004","Apr",,,,,,,,,,,,,,,,,,,,,,,,,"2004/04"
"2004","Mar",,,,,,,,,,,,,,,,,,,,,,,,,"2004/03"
"2004","Feb",,,,,,,,,,,,,,,,,,,,,,,,,"2004/02"
"2004","Jan",,,,,,,,,,,,,,,,,,,,,,,,,"2004/01"
"2003","Dec",,,,,,,,,,,,,,,,,,,,,,,,,"2003/12"
"2003","Nov",,,,,,,,,,,,,,,,,,,,,,,,,"2003/11"
"2003","Oct",,,,,,,,,,,,,,,,,,,,,,,,,"2003/10"
"2003","Sep",,,,,,,,,,,,,,,,,,,,,,,,,"2003/09"
"2003","Aug",,,,,,,,,,,,,,,,,,,,,,,,,"2003/08"
"2003","Jul",,,,,,,,,,,,,,,,,,,,,,,,,"2003/07"
"2003","Jun",,,,,,,,,,,,,,,,,,,,,,,,,"2003/06"
"2003","May",,,,,,,,,,,,,,,,,,,,,,,,,"2003/05"
"2003","Apr",,,,,,,,,,,,,,,,,,,,,,,,,"2003/04"
"2003","Mar",,,,,,,,,,,,,,,,,,,,,,,,,"2003/03"
"2003","Feb",,,,,,,,,,,,,,,,,,,,,,,,,"2003/02"
"2003","Jan",,,,,,,,,,,,,,,,,,,,,,,,,"2003/01"
"2002","Dec",,,,,,,,,,,,,,,,,,,,,,,,,"2002/12"
"2002","Nov",,,,,,,,,,,,,,,,,,,,,,,,,"2002/11"
"2002","Oct",,,,,,,,,,,,,,,,,,,,,,,,,"2002/10"
"2002","Sep",,,,,,,,,,,,,,,,,,,,,,,,,"2002/09"
"2002","Aug",,,,,,,,,,,,,,,,,,,,,,,,,"2002/08"
"2002","Jul",,,,,,,,,,,,,,,,,,,,,,,,,"2002/07"
"2002","Jun",,,,,,,,,,,,,,,,,,,,,,,,,"2002/06"
"2002","May",,,,,,,,,,,,,,,,,,,,,,,,,"2002/05"
"2002","Apr",,,,,,,,,,,,,,,,,,,,,,,,,"2002/04"
"2002","Mar",,,,,,,,,,,,,,,,,,,,,,,,,"2002/03"
"2002","Feb",,,,,,,,,,,,,,,,,,,,,,,,,"2002/02"
"2002","Jan",,,,,,,,,,,,,,,,,,,,,,,,,"2002/01"
"2001","Dec",,,,,,,,,,,,,,,,,,,,,,,,,"2001/12"
"2001","Nov",,,,,,,,,,,,,,,,,,,,,,,,,"2001/11"
"2001","Oct",,,,,,,,,,,,,,,,,,,,,,,,,"2001/10"
"2001","Sep",,,,,,,,,,,,,,,,,,,,,,,,,"2001/09"
"2001","Aug",,,,,,,,,,,,,,,,,,,,,,,,,"2001/08"
"2001","Jul",,,,,,,,,,,,,,,,,,,,,,,,,"2001/07"
"2001","Jun",,,,,,,,,,,,,,,,,,,,,,,,,"2001/06"
"2001","May",,,,,,,,,,,,,,,,,,,,,,,,,"2001/05"
"2001","Apr",,,,,,,,,,,,,,,,,,,,,,,,,"2001/04"
"2001","Mar",,,,,,,,,,,,,,,,,,,,,,,,,"2001/03"
"2001","Feb",,,,,,,,,,,,,,,,,,,,,,,,,"2001/02"
"2001","Jan",,,,,,,,,,,,,,,,,,,,,,,,,"2001/01"
"2000","Dec",,,,,,,,,,,,,,,,,,,,,,,,,"2000/12"
"2000","Nov",,,,,,,,,,,,,,,,,,,,,,,,,"2000/11"
"2000","Oct",,,,,,,,,,,,,,,,,,,,,,,,,"2000/10"
"2000","Sep",,,,,,,,,,,,,,,,,,,,,,,,,"2000/09"
"2000","Aug",,,,,,,,,,,,,,,,,,,,,,,,,"2000/08"
"2000","Jul",,,,,,,,,,,,,,,,,,,,,,,,,"2000/07"
"2000","Jun",,,,,,,,,,,,,,,,,,,,,,,,,"2000/06"
"2000","May",,,,,,,,,,,,,,,,,,,,,,,,,"2000/05"
"2000","Apr",,,,,,,,,,,,,,,,,,,,,,,,,"2000/04"
"2000","Mar",,,,,,,,,,,,,,,,,,,,,,,,,"2000/03"
"2000","Feb",,,,,,,,,,,,,,,,,,,,,,,,,"2000/02"
"2000","Jan",,,,,,,,,,,,,,,,,,,,,,,,,"2000/01"
"1999","Dec",,,,,,,,,,,,,,,,,,,,,,,,,"1999/12"
"1999","Nov",,,,,,,,,,,,,,,,,,,,,,,,,"1999/11"
"1999","Oct",,,,,,,,,,,,,,,,,,,,,,,,,"1999/10"
"1999","Sep",,,,,,,,,,,,,,,,,,,,,,,,,"1999/09"
"1999","Aug",,,,,,,,,,,,,,,,,,,,,,,,,"1999/08"
"1999","Jul",,,,,,,,,,,,,,,,,,,,,,,,,"1999/07"
"1999","Jun",,,,,,,,,,,,,,,,,,,,,,,,,"1999/06"
"1999","May",,,,,,,,,,,,,,,,,,,,,,,,,"1999/05"
"1999","Apr",,,,,,,,,,,,,,,,,,,,,,,,,"1999/04"
"1999","Mar",,,,,,,,,,,,,,,,,,,,,,,,,"1999/03"
"1999","Feb",,,,,,,,,,,,,,,,,,,,,,,,,"1999/02"
"1999","Jan",,,,,,,,,,,,,,,,,,,,,,,,,"1999/01"
"1998","Dec",,,,,,,,,,,,,,,,,,,,,,,,,"1998/12"
"1998","Nov",,,,,,,,,,,,,,,,,,,,,,,,,"1998/11"
"1998","Oct",,,,,,,,,,,,,,,,,,,,,,,,,"1998/10"
"1998","Sep",,,,,,,,,,,,,,,,,,,,,,,,,"1998/09"
"1998","Aug",,,,,,,,,,,,,,,,,,,,,,,,,"1998/08"
"1998","Jul",,,,,,,,,,,,,,,,,,,,,,,,,"1998/07"
"1998","Jun",,,,,,,,,,,,,,,,,,,,,,,,,"1998/06"
"1998","May",,,,,,,,,,,,,,,,,,,,,,,,,"1998/05"
"1998","Apr",,,,,,,,,,,,,,,,,,,,,,,,,"1998/04"
"1998","Mar",,,,,,,,,,,,,,,,,,,,,,,,,"1998/03"
"1998","Feb",,,,,,,,,,,,,,,,,,,,,,,,,"1998/02"
"1998","Jan",,,,,,,,,,,,,,,,,,,,,,,,,"1998/01"
"1997","Dec",,,,,,,,,,,,,,,,,,,,,,,,,"1997/12"
"1997","Nov",,,,,,,,,,,,,,,,,,,,,,,,,"1997/11"
"1997","Oct",,,,,,,,,,,,,,,,,,,,,,,,,"1997/10"
"1997","Sep",,,,,,,,,,,,,,,,,,,,,,,,,"1997/09"
"1997","Aug",,,,,,,,,,,,,,,,,,,,,,,,,"1997/08"
"1997","Jul",,,,,,,,,,,,,,,,,,,,,,,,,"1997/07"
"1997","Jun",,,,,,,,,,,,,,,,,,,,,,,,,"1997/06"
"1997","May",,,,,,,,,,,,,,,,,,,,,,,,,"1997/05"
"1997","Apr",,,,,,,,,,,,,,,,,,,,,,,,,"1997/04"
"1997","Mar",,,,,,,,,,,,,,,,,,,,,,,,,"1997/03"
"1997","Feb",,,,,,,,,,,,,,,,,,,,,,,,,"1997/02"
"1997","Jan",,,,,,,,,,,,,,,,,,,,,,,,,"1997/01"
"1996","Dec",,,,,,,,,,,,,,,,,,,,,,,,,"1996/12"
"1996","Nov",,,,,,,,,,,,,,,,,,,,,,,,,"1996/11"
"1996","Oct",,,,,,,,,,,,,,,,,,,,,,,,,"1996/10"
"1996","Sep",,,,,,,,,,,,,,,,,,,,,,,,,"1996/09"
"1996","Aug",,,,,,,,,,,,,,,,,,,,,,,,,"1996/08"
"1996","Jul",,,,,,,,,,,,,,,,,,,,,,,,,"1996/07"
"1996","Jun",,,,,,,,,,,,,,,,,,,,,,,,,"1996/06"
"1996","May",,,,,,,,,,,,,,,,,,,,,,,,,"1996/05"
"1996","Apr",,,,,,,,,,,,,,,,,,,,,,,,,"1996/04"
"1996","Mar",,,,,,,,,,,,,,,,,,,,,,,,,"1996/03"
"1996","Feb",,,,,,,,,,,,,,,,,,,,,,,,,"1996/02"
"1996","Jan",,,,,,,,,,,,,,,,,,,,,,,,,"1996/01"
"1995","Dec",,,,,,,,,,,,,,,,,,,,,,,,,"1995/12"
"1995","Nov",,,,,,,,,,,,,,,,,,,,,,,,,"1995/11"
"1995","Oct",,,,,,,,,,,,,,,,,,,,,,,,,"1995/10"
"1995","Sep",,,,,,,,,,,,,,,,,,,,,,,,,"1995/09"
"1995","Aug",,,,,,,,,,,,,,,,,,,,,,,,,"1995/08"
"1995","Jul",,,,,,,,,,,,,,,,,,,,,,,,,"1995/07"
"1995","Jun",,,,,,,,,,,,,,,,,,,,,,,,,"1995/06"
"1995","May",,,,,,,,,,,,,,,,,,,,,,,,,"1995/05"
"1995","Apr",,,,,,,,,,,,,,,,,,,,,,,,,"1995/04"
"1995","Mar",,,,,,,,,,,,,,,,,,,,,,,,,"1995/03"
"1995","Feb",,,,,,,,,,,,,,,,,,,,,,,,,"1995/02"
"1995","Jan",,,,,,,,,,,,,,,,,,,,,,,,,"1995/01"
"1994","Dec",,,,,,,,,,,,,,,,,,,,,,,,,"1994/12"
"1994","Nov",,,,,,,,,,,,,,,,,,,,,,,,,"1994/11"
"1994","Oct",,,,,,,,,,,,,,,,,,,,,,,,,"1994/10"
"1994","Sep",,,,,,,,,,,,,,,,,,,,,,,,,"1994/09"
"1994","Aug",,,,,,,,,,,,,,,,,,,,,,,,,"1994/08"
"1994","Jul",,,,,,,,,,,,,,,,,,,,,,,,,"1994/07"
"1994","Jun",,,,,,,,,,,,,,,,,,,,,,,,,"1994/06"
"1994","May",,,,,,,,,,,,,,,,,,,,,,,,,"1994/05"
"1994","Apr",,,,,,,,,,,,,,,,,,,,,,,,,"1994/04"
"1994","Mar",,,,,,,,,,,,,,,,,,,,,,,,,"1994/03"
"1994","Feb",,,,,,,,,,,,,,,,,,,,,,,,,"1994/02"
"1994","Jan",,,,,,,,,,,,,,,,,,,,,,,,,"1994/01"
"1993","Dec",,,,,,,,,,,,,,,,,,,,,,,,,"1993/12"
"1993","Nov",,,,,,,,,,,,,,,,,,,,,,,,,"1993/11"
"1993","Oct",,,,,,,,,,,,,,,,,,,,,,,,,"1993/10"
"1993","Sep",,,,,,,,,,,,,,,,,,,,,,,,,"1993/09"
"1993","Aug",,,,,,,,,,,,,,,,,,,,,,,,,"1993/08"
"1993","Jul",,,,,,,,,,,,,,,,,,,,,,,,,"1993/07"
"1993","Jun",,,,,,,,,,,,,,,,,,,,,,,,,"1993/06"
"1993","May",,,,,,,,,,,,,,,,,,,,,,,,,"1993/05"
"1993","Apr",,,,,,,,,,,,,,,,,,,,,,,,,"1993/04"
"1993","Mar",,,,,,,,,,,,,,,,,,,,,,,,,"1993/03"
"1993","Feb",,,,,,,,,,,,,,,,,,,,,,,,,"1993/02"
"1993","Jan",,,,,,,,,,,,,,,,,,,,,,,,,"1993/01"
"1992","Dec",,,,,,,,,,,,,,,,,,,,,,,,,"1992/12"
"1992","Nov",,,,,,,,,,,,,,,,,,,,,,,,,"1992/11"
"1992","Oct",,,,,,,,,,,,,,,,,,,,,,,,,"1992/10"
"1992","Sep",,,,,,,,,,,,,,,,,,,,,,,,,"1992/09"
"1992","Aug",,,,,,,,,,,,,,,,,,,,,,,,,"1992/08"
"1992","Jul",,,,,,,,,,,,,,,,,,,,,,,,,"1992/07"
"1992","Jun",,,,,,,,,,,,,,,,,,,,,,,,,"1992/06"
"1992","May",,,,,,,,,,,,,,,,,,,,,,,,,"1992/05"
"1992","Apr",,,,,,,,,,,,,,,,,,,,,,,,,"1992/04"
"1992","Mar",,,,,,,,,,,,,,,,,,,,,,,,,"1992/03"
"1992","Feb",,,,,,,,,,,,,,,,,,,,,,,,,"1992/02"
"1992","Jan",,,,,,,,,,,,,,,,,,,,,,,,,"1992/01"
"1991","Dec",,,,,,,,,,,,,,,,,,,,,,,,,"1991/12"
"1991","Nov",,,,,,,,,,,,,,,,,,,,,,,,,"1991/11"
"1991","Oct",,,,,,,,,,,,,,,,,,,,,,,,,"1991/10"
"1991","Sep",,,,,,,,,,,,,,,,,,,,,,,,,"1991/09"
"1991","Aug",,,,,,,,,,,,,,,,,,,,,,,,,"1991/08"
"1991","Jul",,,,,,,,,,,,,,,,,,,,,,,,,"1991/07"
"1991","Jun",,,,,,,,,,,,,,,,,,,,,,,,,"1991/06"
"1991","May",,,,,,,,,,,,,,,,,,,,,,,,,"1991/05"
"1991","Apr",,,,,,,,,,,,,,,,,,,,,,,,,"1991/04"
"1991","Mar",,,,,,,,,,,,,,,,,,,,,,,,,"1991/03"
"1991","Feb",,,,,,,,,,,,,,,,,,,,,,,,,"1991/02"
"1991","Jan",,,,,,,,,,,,,,,,,,,,,,,,,"1991/01"
"1990","Dec",,,,,,,,,,,,,,,,,,,,,,,,,"1990/12"
"1990","Nov",,,,,,,,,,,,,,,,,,,,,,,,,"1990/11"
"1990","Oct",,,,,,,,,,,,,,,,,,,,,,,,,"1990/10"
"1990","Sep",,,,,,,,,,,,,,,,,,,,,,,,,"1990/09"
"1990","Aug",,,,,,,,,,,,,,,,,,,,,,,,,"1990/08"
"1990","Jul",,,,,,,,,,,,,,,,,,,,,,,,,"1990/07"
"1990","Jun",,,,,,,,,,,,,,,,,,,,,,,,,"1990/06"
"1990","May",,,,,,,,,,,,,,,,,,,,,,,,,"1990/05"
"1990","Apr",,,,,,,,,,,,,,,,,,,,,,,,,"1990/04"
"1990","Mar",,,,,,,,,,,,,,,,,,,,,,,,,"1990/03"
"1990","Feb",,,,,,,,,,,,,,,,,,,,,,,,,"1990/02"
"1990","Jan",,,,,,,,,,,,,,,,,,,,,,,,,"1990/01"
"1989","Dec",,,,,,,,,,,,,,,,,,,,,,,,,"1989/12"
"1989","Nov",,,,,,,,,,,,,,,,,,,,,,,,,"1989/11"
"1989","Oct",,,,,,,,,,,,,,,,,,,,,,,,,"1989/10"
"1989","Sep",,,,,,,,,,,,,,,,,,,,,,,,,"1989/09"
"1989","Aug",,,,,,,,,,,,,,,,,,,,,,,,,"1989/08"
"1989","Jul",,,,,,,,,,,,,,,,,,,,,,,,,"1989/07"
"1989","Jun",,,,,,,,,,,,,,,,,,,,,,,,,"1989/06"
"1989","May",,,,,,,,,,,,,,,,,,,,,,,,,"1989/05"
"1989","Apr",,,,,,,,,,,,,,,,,,,,,,,,,"1989/04"
"1989","Mar",,,,,,,,,,,,,,,,,,,,,,,,,"1989/03"
"1989","Feb",,,,,,,,,,,,,,,,,,,,,,,,,"1989/02"
"1989","Jan",,,,,,,,,,,,,,,,,,,,,,,,,"1989/01"
"1988","Dec",,,,,,,,,,,,,,,,,,,,,,,,,"1988/12"
"1988","Nov",,,,,,,,,,,,,,,,,,,,,,,,,"1988/11"
"1988","Oct",,,,,,,,,,,,,,,,,,,,,,,,,"1988/10"
"1988","Sep",,,,,,,,,,,,,,,,,,,,,,,,,"1988/09"
"1988","Aug",,,,,,,,,,,,,,,,,,,,,,,,,"1988/08"
"1988","Jul",,,,,,,,,,,,,,,,,,,,,,,,,"1988/07"
"1988","Jun",,,,,,,,,,,,,,,,,,,,,,,,,"1988/06"
"1988","May",,,,,,,,,,,,,,,,,,,,,,,,,"1988/05"
"1988","Apr",,,,,,,,,,,,,,,,,,,,,,,,,"1988/04"
"1988","Mar",,,,,,,,,,,,,,,,,,,,,,,,,"1988/03"
"1988","Feb",,,,,,,,,,,,,,,,,,,,,,,,,"1988/02"
"1988","Jan",,,,,,,,,,,,,,,,,,,,,,,,,"1988/01"
"1987","Dec",,,,,,,,,,,,,,,,,,,,,,,,,"1987/12"
"1987","Nov",,,,,,,,,,,,,,,,,,,,,,,,,"1987/11"
"1987","Oct",,,,,,,,,,,,,,,,,,,,,,,,,"1987/10"
"1987","Sep",,,,,,,,,,,,,,,,,,,,,,,,,"1987/09"
"1987","Aug",,,,,,,,,,,,,,,,,,,,,,,,,"1987/08"
"1987","Jul",,,,,,,,,,,,,,,,,,,,,,,,,"1987/07"
"1987","Jun",,,,,,,,,,,,,,,,,,,,,,,,,"1987/06"
"1987","May",,,,,,,,,,,,,,,,,,,,,,,,,"1987/05"
"1987","Apr",,,,,,,,,,,,,,,,,,,,,,,,,"1987/04"
"1987","Mar",,,,,,,,,,,,,,,,,,,,,,,,,"1987/03"
"1987","Jan",,,,,,,,,,,,,,,,,,,,,,,,,"1987/01"
"1986","Jan",,,,,,,,,,,,,,,,,,,,,,,,,"1986/01"
"1985","Jan",,,,,,,,,,,,,,,,,,,,,,,,,"1985/01"
"1984","Jan",,,,,,,,,,,,,,,,,,,,,,,,,"1984/01"
"1983","Jan",,,,,,,,,,,,,,,,,,,,,,,,,"1983/01"
"1982","Jan",,,,,,,,,,,,,,,,,,,,,,,,,"1982/01"
"1981","Jan",,,,,,,,,,,,,,,,,,,,,,,,,"1981/01"
"1980","Jan",,,,,,,,,,,,,,,,,,,,,,,,,"1980/01"
"1979","Jan",,,,,,,,,,,,,,,,,,,,,,,,,"1979/01"
"1978","Jan",,,,,,,,,,,,,,,,,,,,,,,,,"1978/01"
"1977","Jan",,,,,,,,,,,,,,,,,,,,,,,,,"1977/01"
"1976","Jan",,,,,,,,,,,,,,,,,,,,,,,,,"1976/01"
"1975","Jan",,,,,,,,,,,,,,,,,,,,,,,,,"1975/01"
"1974","Jan",,,,,,,,,,,,,,,,,,,,,,,,,"1974/01"
"1973","Jan",,,,,,,,,,,,,,,,,,,,,,,,,"1973/01"
"1972","Jan",,,,,,,,,,,,,,,,,,,,,,,,,"1972/01"
"1971","Jan",,,,,,,,,,,,,,,,,,,,,,,,,"1971/01"
